firstName,lastName,gender,age
Aaliyah,Langworth,Male,61
Aaliyah,VonRueden,Male,73
Aaliyah,Konopelski,Female,39
Abdullah,Block,Male,66
Amaya,Satterfield,Male,23
Barbara,Ortiz,Female,76
Barney,Lubowitz,Female,76
Berniece,Sanford,Female,23
Betsy,Blick,Male,23
Buster,Hodkiewicz,Male,56
Cade,Batz,Female,61
Cameron,Walsh,Female,30
Cameron,Dickinson,Female,36
Camilla,Feil,Male,23
Candice,Torp,Female,23
Courtney,Spinka,Female,42
Devon,Kutch,Female,26
Devon,Mayer,Female,71
Devon,Waters,Female,70
Devonte,Erdman,Female,27
Devonte,Pfeffer,Male,29
Dora,Schinner,Male,78
Dora,Cole,Female,18
Duncan,Dach,Male,70
Duncan,O'Reilly,Male,75
Durward,Stroman,Male,37
Elias,Watsica,Female,50
Eliezer,Predovic,Female,30
Elinore,Collier,Female,75
Emmett,Corkery,Female,88
Emmie,Swaniawski,Female,76
Fabian,Murphy,Female,85
Fabian,Keeling,Male,76
Fabian,Nolan,Male,70
Fabiola,Klocko,Female,45
Furman,Crist,Male,23
Furman,Waelchi,Female,26
Gabriel,Ledner,Male,62
Gabriel,Dicki,Female,87
Gerald,Bernier,Male,23
Graciela,Berge,Female,21
Grady,Grady,Female,34
Graham,Hoppe,Female,19
Graham,Padberg,Male,58
Harley,Murphy,Male,72
Harley,Runolfsdottir,Female,37
Hudson,Streich,Male,25
Hudson,Donnelly,Male,20
Hugh,Feil,Male,33
Hunter,Erdman,Male,68
Hyman,Grant,Male,74
Ian,Dibbert,Male,40
Isaac,Ratke,Male,81
Isabell,Price,Male,73
Iva,Roob,Female,44
Ivah,Raynor,Male,71
Ivory,Gorczany,Female,61
Ivory,Wolf,Female,38
Ivy,Stehr,Female,89
Janice,Zboncak,Male,48
Janice,Erdman,Male,57
Jason,Erdman,Male,37
Jason,Lang,Female,56
Jenifer,Lind,Male,47
Jennie,Mante,Female,21
Margarett,Wilkinson,Male,73
Margarett,Schultz,Female,36
Margaretta,Koepp,Male,72
Neoma,Gottlieb,Male,38
Nona,Murazik,Female,88
Norbert,Kozey,Male,41
Ottilie,Lakin,Female,88
Prudence,Bergstrom,Female,33
Prudence,Brakus,Female,67
Prudence,Goldner,Male,37
Prudence,Kilback,Female,88
Queen,White,Female,64
Ricardo,Koss,Female,65
Richie,Eichmann,Male,85
Richie,Sanford,Female,70
Santino,Labadie,Male,18
Santino,Nienow,Female,62
Santos,Hintz,Female,20
Santos,Jaskolski,Female,79
Sarah,Feeney,Female,64
Sarah,Hyatt,Female,26
Theodore,Ferry,Female,89
Theodore,Stamm,Male,56
Theresa,Price,Female,83
Theresia,Fay,Male,64
Theresia,Rohan,Female,20
Tobin,Streich,Male,77
Toby,Terry,Female,19
Toby,Wehner,Male,18
Tom,Huel,Female,45
Ursula,Bednar,Male,65
Ursula,Mayer,Male,63
Ursula,Hahn,Female,87
Vanessa,O'Hara,Male,28
Vanessa,Rodriguez,Female,40
Walker,Sauer,Male,19
Walker,Reichert,Male,21
Walker,Stoltenberg,Female,59
Walker,Stiedemann,Female,32
Wallace,Klein,Female,41
Walter,Franecki,Female,68
Walter,Kuvalis,Male,22
Walton,Jerde,Female,73
Xavier,Harber,Female,38
Xavier,Braun,Female,41
Xavier,Streich,Female,28
Yadira,Krajcik,Female,81
Yasmeen,Lubowitz,Male,41
Yasmeen,Thompson,Female,80
Yasmine,Keeling,Male,61
Yasmine,Rippin,Female,77
Yesenia,Schaden,Female,55
Yesenia,Watsica,Female,26
Yessenia,Hudson,Female,42
Yolanda,Jones,Male,24
Yolanda,Reynolds,Female,26
Yolanda,Abernathy,Male,90
Yoshiko,Zulauf,Male,42
Yoshiko,Klein,Male,37
Yvette,Schuster,Male,76
Yvette,Russel,Male,88
Yvonne,Wolff,Male,31
Zachariah,Dach,Male,18
Zachary,Hackett,Female,45
Zachary,Durgan,Male,69
Zachery,Metz,Female,52
Zachery,Lehner,Female,25
Zackary,Funk,Female,77
Zackery,Schuster,Female,53
Zakary,Schiller,Male,78
Zakary,Lehner,Female,19
Zakary,Hodkiewicz,Female,62
Zakary,Padberg,Male,30
Zander,Runte,Male,50
Zane,Little,Female,59
Zaria,Reichert,Male,55
Zaria,Towne,Male,85
Zechariah,Wolff,Female,60
Zechariah,Johnson,Female,61
Zelma,Langworth,Male,87
Zoe,Bernier,Female,55
Zoe,Crona,Male,32
Zoie,Waters,Female,21
Zoila,Leffler,Male,72
Zoila,Cummings,Male,52
